system:index,district,group,ndvi_growing_season,year,.geo
0_0,Shusha,treated,0.5582685115449406,2000.0,"{""type"":""MultiPoint"",""coordinates"":[]}"
0_1,Kalbajar,treated,0.5605407997018197,2000.0,"{""type"":""MultiPoint"",""coordinates"":[]}"
0_2,Aghdam,treated,0.336269522220255,2000.0,"{""type"":""MultiPoint"",""coordinates"":[]}"
0_3,Lachin,treated,0.5213671037852853,2000.0,"{""type"":""MultiPoint"",""coordinates"":[]}"
0_4,Khojavand,treated,0.4700875612344987,2000.0,"{""type"":""MultiPoint"",""coordinates"":[]}"
0_5,Fuzuli,treated,0.2874016506381535,2000.0,"{""type"":""MultiPoint"",""coordinates"":[]}"
0_6,Jabrayil,treated,0.2723072402174282,2000.0,"{""type"":""MultiPoint"",""coordinates"":[]}"
0_7,Gubadli,treated,0.4286975179844741,2000.0,"{""type"":""MultiPoint"",""coordinates"":[]}"
0_8,Zangilan,treated,0.45347287117517776,2000.0,"{""type"":""MultiPoint"",""coordinates"":[]}"
0_9,Jalilabad,comparison,0.4126783318759117,2000.0,"{""type"":""MultiPoint"",""coordinates"":[]}"
0_10,Barda,comparison,0.4655448841680152,2000.0,"{""type"":""MultiPoint"",""coordinates"":[]}"
0_11,Aghjabadi,comparison,0.37564776799882654,2000.0,"{""type"":""MultiPoint"",""coordinates"":[]}"
0_12,Beylagan,comparison,0.4141480539885251,2000.0,"{""type"":""MultiPoint"",""coordinates"":[]}"
0_13,Goranboy,comparison,0.3254258208204546,2000.0,"{""type"":""MultiPoint"",""coordinates"":[]}"
0_14,Tartar,comparison,0.45801784783388844,2000.0,"{""type"":""MultiPoint"",""coordinates"":[]}"
0_15,Dashkasan,comparison,0.5661856013158272,2000.0,"{""type"":""MultiPoint"",""coordinates"":[]}"
0_16,Gadabay,comparison,0.5545215088241126,2000.0,"{""type"":""MultiPoint"",""coordinates"":[]}"
0_17,Tovuz,comparison,0.34431672472198566,2000.0,"{""type"":""MultiPoint"",""coordinates"":[]}"
0_18,Gazakh,comparison,0.37359730812798464,2000.0,"{""type"":""MultiPoint"",""coordinates"":[]}"
1_0,Shusha,treated,0.5693516714564134,2001.0,"{""type"":""MultiPoint"",""coordinates"":[]}"
1_1,Kalbajar,treated,0.5722371869698086,2001.0,"{""type"":""MultiPoint"",""coordinates"":[]}"
1_2,Aghdam,treated,0.3457961133862799,2001.0,"{""type"":""MultiPoint"",""coordinates"":[]}"
1_3,Lachin,treated,0.5145407566145043,2001.0,"{""type"":""MultiPoint"",""coordinates"":[]}"
1_4,Khojavand,treated,0.4983889990643121,2001.0,"{""type"":""MultiPoint"",""coordinates"":[]}"
1_5,Fuzuli,treated,0.3393892131175187,2001.0,"{""type"":""MultiPoint"",""coordinates"":[]}"
1_6,Jabrayil,treated,0.29139164615814367,2001.0,"{""type"":""MultiPoint"",""coordinates"":[]}"
1_7,Gubadli,treated,0.44754826377023627,2001.0,"{""type"":""MultiPoint"",""coordinates"":[]}"
1_8,Zangilan,treated,0.4792928454498091,2001.0,"{""type"":""MultiPoint"",""coordinates"":[]}"
1_9,Jalilabad,comparison,0.40915125445566797,2001.0,"{""type"":""MultiPoint"",""coordinates"":[]}"
1_10,Barda,comparison,0.4917278306565088,2001.0,"{""type"":""MultiPoint"",""coordinates"":[]}"
1_11,Aghjabadi,comparison,0.3970979157801311,2001.0,"{""type"":""MultiPoint"",""coordinates"":[]}"
1_12,Beylagan,comparison,0.4464693429822292,2001.0,"{""type"":""MultiPoint"",""coordinates"":[]}"
1_13,Goranboy,comparison,0.3672701918816774,2001.0,"{""type"":""MultiPoint"",""coordinates"":[]}"
1_14,Tartar,comparison,0.47569913733593155,2001.0,"{""type"":""MultiPoint"",""coordinates"":[]}"
1_15,Dashkasan,comparison,0.6084410968011479,2001.0,"{""type"":""MultiPoint"",""coordinates"":[]}"
1_16,Gadabay,comparison,0.5903003640912955,2001.0,"{""type"":""MultiPoint"",""coordinates"":[]}"
1_17,Tovuz,comparison,0.3941670824621297,2001.0,"{""type"":""MultiPoint"",""coordinates"":[]}"
1_18,Gazakh,comparison,0.44708808080674306,2001.0,"{""type"":""MultiPoint"",""coordinates"":[]}"
2_0,Shusha,treated,0.5829430226604564,2002.0,"{""type"":""MultiPoint"",""coordinates"":[]}"
2_1,Kalbajar,treated,0.5867912121816656,2002.0,"{""type"":""MultiPoint"",""coordinates"":[]}"
2_2,Aghdam,treated,0.4610187667535951,2002.0,"{""type"":""MultiPoint"",""coordinates"":[]}"
2_3,Lachin,treated,0.5566168096530129,2002.0,"{""type"":""MultiPoint"",""coordinates"":[]}"
2_4,Khojavand,treated,0.529432952076615,2002.0,"{""type"":""MultiPoint"",""coordinates"":[]}"
2_5,Fuzuli,treated,0.3824089831982585,2002.0,"{""type"":""MultiPoint"",""coordinates"":[]}"
2_6,Jabrayil,treated,0.32623519785077904,2002.0,"{""type"":""MultiPoint"",""coordinates"":[]}"
2_7,Gubadli,treated,0.486108881256514,2002.0,"{""type"":""MultiPoint"",""coordinates"":[]}"
2_8,Zangilan,treated,0.5032852283315086,2002.0,"{""type"":""MultiPoint"",""coordinates"":[]}"
2_9,Jalilabad,comparison,0.4502574511543541,2002.0,"{""type"":""MultiPoint"",""coordinates"":[]}"
2_10,Barda,comparison,0.5266522025902662,2002.0,"{""type"":""MultiPoint"",""coordinates"":[]}"
2_11,Aghjabadi,comparison,0.43286283467705283,2002.0,"{""type"":""MultiPoint"",""coordinates"":[]}"
2_12,Beylagan,comparison,0.47658361226802826,2002.0,"{""type"":""MultiPoint"",""coordinates"":[]}"
2_13,Goranboy,comparison,0.3796264424503584,2002.0,"{""type"":""MultiPoint"",""coordinates"":[]}"
2_14,Tartar,comparison,0.5304625491812603,2002.0,"{""type"":""MultiPoint"",""coordinates"":[]}"
2_15,Dashkasan,comparison,0.6222365658790795,2002.0,"{""type"":""MultiPoint"",""coordinates"":[]}"
2_16,Gadabay,comparison,0.6183407157865293,2002.0,"{""type"":""MultiPoint"",""coordinates"":[]}"
2_17,Tovuz,comparison,0.4338421187655987,2002.0,"{""type"":""MultiPoint"",""coordinates"":[]}"
2_18,Gazakh,comparison,0.474092184131942,2002.0,"{""type"":""MultiPoint"",""coordinates"":[]}"
3_0,Shusha,treated,0.5152272990783867,2003.0,"{""type"":""MultiPoint"",""coordinates"":[]}"
3_1,Kalbajar,treated,0.5697095294092287,2003.0,"{""type"":""MultiPoint"",""coordinates"":[]}"
3_2,Aghdam,treated,0.46350113492709005,2003.0,"{""type"":""MultiPoint"",""coordinates"":[]}"
3_3,Lachin,treated,0.5393647816862069,2003.0,"{""type"":""MultiPoint"",""coordinates"":[]}"
3_4,Khojavand,treated,0.5218204839317249,2003.0,"{""type"":""MultiPoint"",""coordinates"":[]}"
3_5,Fuzuli,treated,0.4067721401966206,2003.0,"{""type"":""MultiPoint"",""coordinates"":[]}"
3_6,Jabrayil,treated,0.35829434650987396,2003.0,"{""type"":""MultiPoint"",""coordinates"":[]}"
3_7,Gubadli,treated,0.492368192335029,2003.0,"{""type"":""MultiPoint"",""coordinates"":[]}"
3_8,Zangilan,treated,0.5157103731102688,2003.0,"{""type"":""MultiPoint"",""coordinates"":[]}"
3_9,Jalilabad,comparison,0.4593478689118339,2003.0,"{""type"":""MultiPoint"",""coordinates"":[]}"
3_10,Barda,comparison,0.5418463959357108,2003.0,"{""type"":""MultiPoint"",""coordinates"":[]}"
3_11,Aghjabadi,comparison,0.4757996077201708,2003.0,"{""type"":""MultiPoint"",""coordinates"":[]}"
3_12,Beylagan,comparison,0.5143588180645627,2003.0,"{""type"":""MultiPoint"",""coordinates"":[]}"
3_13,Goranboy,comparison,0.36986653243555323,2003.0,"{""type"":""MultiPoint"",""coordinates"":[]}"
3_14,Tartar,comparison,0.516731327313024,2003.0,"{""type"":""MultiPoint"",""coordinates"":[]}"
3_15,Dashkasan,comparison,0.5933753129864172,2003.0,"{""type"":""MultiPoint"",""coordinates"":[]}"
3_16,Gadabay,comparison,0.5780590627304039,2003.0,"{""type"":""MultiPoint"",""coordinates"":[]}"
3_17,Tovuz,comparison,0.42075822813905384,2003.0,"{""type"":""MultiPoint"",""coordinates"":[]}"
3_18,Gazakh,comparison,0.4560223292585352,2003.0,"{""type"":""MultiPoint"",""coordinates"":[]}"
4_0,Shusha,treated,0.6047831623889276,2004.0,"{""type"":""MultiPoint"",""coordinates"":[]}"
4_1,Kalbajar,treated,0.5998455772515003,2004.0,"{""type"":""MultiPoint"",""coordinates"":[]}"
4_2,Aghdam,treated,0.4423604100820932,2004.0,"{""type"":""MultiPoint"",""coordinates"":[]}"
4_3,Lachin,treated,0.5628256543102279,2004.0,"{""type"":""MultiPoint"",""coordinates"":[]}"
4_4,Khojavand,treated,0.5161180105520409,2004.0,"{""type"":""MultiPoint"",""coordinates"":[]}"
4_5,Fuzuli,treated,0.35839867044464485,2004.0,"{""type"":""MultiPoint"",""coordinates"":[]}"
4_6,Jabrayil,treated,0.30658353857086007,2004.0,"{""type"":""MultiPoint"",""coordinates"":[]}"
4_7,Gubadli,treated,0.47643053002841007,2004.0,"{""type"":""MultiPoint"",""coordinates"":[]}"
4_8,Zangilan,treated,0.4977237118134062,2004.0,"{""type"":""MultiPoint"",""coordinates"":[]}"
4_9,Jalilabad,comparison,0.4430447322082442,2004.0,"{""type"":""MultiPoint"",""coordinates"":[]}"
4_10,Barda,comparison,0.5373436586338334,2004.0,"{""type"":""MultiPoint"",""coordinates"":[]}"
4_11,Aghjabadi,comparison,0.44432744878523417,2004.0,"{""type"":""MultiPoint"",""coordinates"":[]}"
4_12,Beylagan,comparison,0.4950561316263828,2004.0,"{""type"":""MultiPoint"",""coordinates"":[]}"
4_13,Goranboy,comparison,0.4035844483797839,2004.0,"{""type"":""MultiPoint"",""coordinates"":[]}"
4_14,Tartar,comparison,0.5532877195885283,2004.0,"{""type"":""MultiPoint"",""coordinates"":[]}"
4_15,Dashkasan,comparison,0.6313340714961009,2004.0,"{""type"":""MultiPoint"",""coordinates"":[]}"
4_16,Gadabay,comparison,0.6290599513667907,2004.0,"{""type"":""MultiPoint"",""coordinates"":[]}"
4_17,Tovuz,comparison,0.41955848573659554,2004.0,"{""type"":""MultiPoint"",""coordinates"":[]}"
4_18,Gazakh,comparison,0.4835969697016206,2004.0,"{""type"":""MultiPoint"",""coordinates"":[]}"
5_0,Shusha,treated,0.5861205529679911,2005.0,"{""type"":""MultiPoint"",""coordinates"":[]}"
5_1,Kalbajar,treated,0.6006303443051417,2005.0,"{""type"":""MultiPoint"",""coordinates"":[]}"
5_2,Aghdam,treated,0.38145978279815274,2005.0,"{""type"":""MultiPoint"",""coordinates"":[]}"
5_3,Lachin,treated,0.5505553640287784,2005.0,"{""type"":""MultiPoint"",""coordinates"":[]}"
5_4,Khojavand,treated,0.503089634358172,2005.0,"{""type"":""MultiPoint"",""coordinates"":[]}"
5_5,Fuzuli,treated,0.3372518789229546,2005.0,"{""type"":""MultiPoint"",""coordinates"":[]}"
5_6,Jabrayil,treated,0.31362446871449867,2005.0,"{""type"":""MultiPoint"",""coordinates"":[]}"
5_7,Gubadli,treated,0.46924716267448496,2005.0,"{""type"":""MultiPoint"",""coordinates"":[]}"
5_8,Zangilan,treated,0.4818149352415655,2005.0,"{""type"":""MultiPoint"",""coordinates"":[]}"
5_9,Jalilabad,comparison,0.4142071505430259,2005.0,"{""type"":""MultiPoint"",""coordinates"":[]}"
5_10,Barda,comparison,0.5364177837892967,2005.0,"{""type"":""MultiPoint"",""coordinates"":[]}"
5_11,Aghjabadi,comparison,0.4142599401308065,2005.0,"{""type"":""MultiPoint"",""coordinates"":[]}"
5_12,Beylagan,comparison,0.4738838955608386,2005.0,"{""type"":""MultiPoint"",""coordinates"":[]}"
5_13,Goranboy,comparison,0.3990022729731348,2005.0,"{""type"":""MultiPoint"",""coordinates"":[]}"
5_14,Tartar,comparison,0.541666306085708,2005.0,"{""type"":""MultiPoint"",""coordinates"":[]}"
5_15,Dashkasan,comparison,0.6383720358641601,2005.0,"{""type"":""MultiPoint"",""coordinates"":[]}"
5_16,Gadabay,comparison,0.6415720416096592,2005.0,"{""type"":""MultiPoint"",""coordinates"":[]}"
5_17,Tovuz,comparison,0.4370788781189649,2005.0,"{""type"":""MultiPoint"",""coordinates"":[]}"
5_18,Gazakh,comparison,0.4849025232246664,2005.0,"{""type"":""MultiPoint"",""coordinates"":[]}"
6_0,Shusha,treated,0.5604535609288804,2006.0,"{""type"":""MultiPoint"",""coordinates"":[]}"
6_1,Kalbajar,treated,0.5695248778558504,2006.0,"{""type"":""MultiPoint"",""coordinates"":[]}"
6_2,Aghdam,treated,0.3980700615209747,2006.0,"{""type"":""MultiPoint"",""coordinates"":[]}"
6_3,Lachin,treated,0.5103053917313771,2006.0,"{""type"":""MultiPoint"",""coordinates"":[]}"
6_4,Khojavand,treated,0.49721678890023796,2006.0,"{""type"":""MultiPoint"",""coordinates"":[]}"
6_5,Fuzuli,treated,0.34217640522227377,2006.0,"{""type"":""MultiPoint"",""coordinates"":[]}"
6_6,Jabrayil,treated,0.2963170254248398,2006.0,"{""type"":""MultiPoint"",""coordinates"":[]}"
6_7,Gubadli,treated,0.4295527976235791,2006.0,"{""type"":""MultiPoint"",""coordinates"":[]}"
6_8,Zangilan,treated,0.47332769162224764,2006.0,"{""type"":""MultiPoint"",""coordinates"":[]}"
6_9,Jalilabad,comparison,0.4279864497287882,2006.0,"{""type"":""MultiPoint"",""coordinates"":[]}"
6_10,Barda,comparison,0.5472598649468005,2006.0,"{""type"":""MultiPoint"",""coordinates"":[]}"
6_11,Aghjabadi,comparison,0.4442070703693947,2006.0,"{""type"":""MultiPoint"",""coordinates"":[]}"
6_12,Beylagan,comparison,0.4909970002090797,2006.0,"{""type"":""MultiPoint"",""coordinates"":[]}"
6_13,Goranboy,comparison,0.3864371587524576,2006.0,"{""type"":""MultiPoint"",""coordinates"":[]}"
6_14,Tartar,comparison,0.5070607705506869,2006.0,"{""type"":""MultiPoint"",""coordinates"":[]}"
6_15,Dashkasan,comparison,0.5993424564689253,2006.0,"{""type"":""MultiPoint"",""coordinates"":[]}"
6_16,Gadabay,comparison,0.5970373533450047,2006.0,"{""type"":""MultiPoint"",""coordinates"":[]}"
6_17,Tovuz,comparison,0.4548261848807028,2006.0,"{""type"":""MultiPoint"",""coordinates"":[]}"
6_18,Gazakh,comparison,0.48058667368112434,2006.0,"{""type"":""MultiPoint"",""coordinates"":[]}"
7_0,Shusha,treated,0.5684492790605491,2007.0,"{""type"":""MultiPoint"",""coordinates"":[]}"
7_1,Kalbajar,treated,0.5971426375319655,2007.0,"{""type"":""MultiPoint"",""coordinates"":[]}"
7_2,Aghdam,treated,0.3939382768606682,2007.0,"{""type"":""MultiPoint"",""coordinates"":[]}"
7_3,Lachin,treated,0.5501867680756742,2007.0,"{""type"":""MultiPoint"",""coordinates"":[]}"
7_4,Khojavand,treated,0.4863160312966851,2007.0,"{""type"":""MultiPoint"",""coordinates"":[]}"
7_5,Fuzuli,treated,0.3227775792800139,2007.0,"{""type"":""MultiPoint"",""coordinates"":[]}"
7_6,Jabrayil,treated,0.30651410890352937,2007.0,"{""type"":""MultiPoint"",""coordinates"":[]}"
7_7,Gubadli,treated,0.4805824956015164,2007.0,"{""type"":""MultiPoint"",""coordinates"":[]}"
7_8,Zangilan,treated,0.5167654542946111,2007.0,"{""type"":""MultiPoint"",""coordinates"":[]}"
7_9,Jalilabad,comparison,0.39445590102447786,2007.0,"{""type"":""MultiPoint"",""coordinates"":[]}"
7_10,Barda,comparison,0.54005453735738,2007.0,"{""type"":""MultiPoint"",""coordinates"":[]}"
7_11,Aghjabadi,comparison,0.42761923944729474,2007.0,"{""type"":""MultiPoint"",""coordinates"":[]}"
7_12,Beylagan,comparison,0.478101365096412,2007.0,"{""type"":""MultiPoint"",""coordinates"":[]}"
7_13,Goranboy,comparison,0.3760894044083849,2007.0,"{""type"":""MultiPoint"",""coordinates"":[]}"
7_14,Tartar,comparison,0.5208124468329443,2007.0,"{""type"":""MultiPoint"",""coordinates"":[]}"
7_15,Dashkasan,comparison,0.6109927734826884,2007.0,"{""type"":""MultiPoint"",""coordinates"":[]}"
7_16,Gadabay,comparison,0.6050244488210623,2007.0,"{""type"":""MultiPoint"",""coordinates"":[]}"
7_17,Tovuz,comparison,0.4539472698153333,2007.0,"{""type"":""MultiPoint"",""coordinates"":[]}"
7_18,Gazakh,comparison,0.5118054033788629,2007.0,"{""type"":""MultiPoint"",""coordinates"":[]}"
8_0,Shusha,treated,0.6048271859412676,2008.0,"{""type"":""MultiPoint"",""coordinates"":[]}"
8_1,Kalbajar,treated,0.6148853071141624,2008.0,"{""type"":""MultiPoint"",""coordinates"":[]}"
8_2,Aghdam,treated,0.4325341874280809,2008.0,"{""type"":""MultiPoint"",""coordinates"":[]}"
8_3,Lachin,treated,0.5761053386242884,2008.0,"{""type"":""MultiPoint"",""coordinates"":[]}"
8_4,Khojavand,treated,0.5211056908306547,2008.0,"{""type"":""MultiPoint"",""coordinates"":[]}"
8_5,Fuzuli,treated,0.35010655009030095,2008.0,"{""type"":""MultiPoint"",""coordinates"":[]}"
8_6,Jabrayil,treated,0.3010677569523015,2008.0,"{""type"":""MultiPoint"",""coordinates"":[]}"
8_7,Gubadli,treated,0.48489903641988275,2008.0,"{""type"":""MultiPoint"",""coordinates"":[]}"
8_8,Zangilan,treated,0.48800040127413935,2008.0,"{""type"":""MultiPoint"",""coordinates"":[]}"
8_9,Jalilabad,comparison,0.40165545333873875,2008.0,"{""type"":""MultiPoint"",""coordinates"":[]}"
8_10,Barda,comparison,0.5611941229526303,2008.0,"{""type"":""MultiPoint"",""coordinates"":[]}"
8_11,Aghjabadi,comparison,0.4667100703027927,2008.0,"{""type"":""MultiPoint"",""coordinates"":[]}"
8_12,Beylagan,comparison,0.4959861817902831,2008.0,"{""type"":""MultiPoint"",""coordinates"":[]}"
8_13,Goranboy,comparison,0.4003257591417201,2008.0,"{""type"":""MultiPoint"",""coordinates"":[]}"
8_14,Tartar,comparison,0.540704609634709,2008.0,"{""type"":""MultiPoint"",""coordinates"":[]}"
8_15,Dashkasan,comparison,0.6295753162959116,2008.0,"{""type"":""MultiPoint"",""coordinates"":[]}"
8_16,Gadabay,comparison,0.6225803887316671,2008.0,"{""type"":""MultiPoint"",""coordinates"":[]}"
8_17,Tovuz,comparison,0.4296682005730293,2008.0,"{""type"":""MultiPoint"",""coordinates"":[]}"
8_18,Gazakh,comparison,0.4895238504737365,2008.0,"{""type"":""MultiPoint"",""coordinates"":[]}"
9_0,Shusha,treated,0.6210529324810888,2009.0,"{""type"":""MultiPoint"",""coordinates"":[]}"
9_1,Kalbajar,treated,0.5889559553258489,2009.0,"{""type"":""MultiPoint"",""coordinates"":[]}"
9_2,Aghdam,treated,0.41359092530724684,2009.0,"{""type"":""MultiPoint"",""coordinates"":[]}"
9_3,Lachin,treated,0.5669962051432746,2009.0,"{""type"":""MultiPoint"",""coordinates"":[]}"
9_4,Khojavand,treated,0.4984578401698832,2009.0,"{""type"":""MultiPoint"",""coordinates"":[]}"
9_5,Fuzuli,treated,0.3315446326857068,2009.0,"{""type"":""MultiPoint"",""coordinates"":[]}"
9_6,Jabrayil,treated,0.270732542696443,2009.0,"{""type"":""MultiPoint"",""coordinates"":[]}"
9_7,Gubadli,treated,0.47871690230381087,2009.0,"{""type"":""MultiPoint"",""coordinates"":[]}"
9_8,Zangilan,treated,0.4729899520022495,2009.0,"{""type"":""MultiPoint"",""coordinates"":[]}"
9_9,Jalilabad,comparison,0.43060973699718363,2009.0,"{""type"":""MultiPoint"",""coordinates"":[]}"
9_10,Barda,comparison,0.5512939044752876,2009.0,"{""type"":""MultiPoint"",""coordinates"":[]}"
9_11,Aghjabadi,comparison,0.46678849622997715,2009.0,"{""type"":""MultiPoint"",""coordinates"":[]}"
9_12,Beylagan,comparison,0.49735209910026174,2009.0,"{""type"":""MultiPoint"",""coordinates"":[]}"
9_13,Goranboy,comparison,0.39529073650534685,2009.0,"{""type"":""MultiPoint"",""coordinates"":[]}"
9_14,Tartar,comparison,0.5282304605165588,2009.0,"{""type"":""MultiPoint"",""coordinates"":[]}"
9_15,Dashkasan,comparison,0.6183985788959135,2009.0,"{""type"":""MultiPoint"",""coordinates"":[]}"
9_16,Gadabay,comparison,0.6173386781624727,2009.0,"{""type"":""MultiPoint"",""coordinates"":[]}"
9_17,Tovuz,comparison,0.4037832554259861,2009.0,"{""type"":""MultiPoint"",""coordinates"":[]}"
9_18,Gazakh,comparison,0.4516610247446614,2009.0,"{""type"":""MultiPoint"",""coordinates"":[]}"
10_0,Shusha,treated,0.5781807295279622,2010.0,"{""type"":""MultiPoint"",""coordinates"":[]}"
10_1,Kalbajar,treated,0.5875511138683701,2010.0,"{""type"":""MultiPoint"",""coordinates"":[]}"
10_2,Aghdam,treated,0.4590775801678167,2010.0,"{""type"":""MultiPoint"",""coordinates"":[]}"
10_3,Lachin,treated,0.5600481997527345,2010.0,"{""type"":""MultiPoint"",""coordinates"":[]}"
10_4,Khojavand,treated,0.5442770221403804,2010.0,"{""type"":""MultiPoint"",""coordinates"":[]}"
10_5,Fuzuli,treated,0.420935755931737,2010.0,"{""type"":""MultiPoint"",""coordinates"":[]}"
10_6,Jabrayil,treated,0.3707350803593138,2010.0,"{""type"":""MultiPoint"",""coordinates"":[]}"
10_7,Gubadli,treated,0.5265246119055986,2010.0,"{""type"":""MultiPoint"",""coordinates"":[]}"
10_8,Zangilan,treated,0.5415660744171447,2010.0,"{""type"":""MultiPoint"",""coordinates"":[]}"
10_9,Jalilabad,comparison,0.45473249016002826,2010.0,"{""type"":""MultiPoint"",""coordinates"":[]}"
10_10,Barda,comparison,0.5764711109394989,2010.0,"{""type"":""MultiPoint"",""coordinates"":[]}"
10_11,Aghjabadi,comparison,0.4742334603638416,2010.0,"{""type"":""MultiPoint"",""coordinates"":[]}"
10_12,Beylagan,comparison,0.5258042206957574,2010.0,"{""type"":""MultiPoint"",""coordinates"":[]}"
10_13,Goranboy,comparison,0.42541888897222624,2010.0,"{""type"":""MultiPoint"",""coordinates"":[]}"
10_14,Tartar,comparison,0.561747838847701,2010.0,"{""type"":""MultiPoint"",""coordinates"":[]}"
10_15,Dashkasan,comparison,0.6215940695434724,2010.0,"{""type"":""MultiPoint"",""coordinates"":[]}"
10_16,Gadabay,comparison,0.609499308725422,2010.0,"{""type"":""MultiPoint"",""coordinates"":[]}"
10_17,Tovuz,comparison,0.4644002567628168,2010.0,"{""type"":""MultiPoint"",""coordinates"":[]}"
10_18,Gazakh,comparison,0.5069142263552092,2010.0,"{""type"":""MultiPoint"",""coordinates"":[]}"
11_0,Shusha,treated,0.61125890810293,2011.0,"{""type"":""MultiPoint"",""coordinates"":[]}"
11_1,Kalbajar,treated,0.5982552508796867,2011.0,"{""type"":""MultiPoint"",""coordinates"":[]}"
11_2,Aghdam,treated,0.46011034559259906,2011.0,"{""type"":""MultiPoint"",""coordinates"":[]}"
11_3,Lachin,treated,0.5801307532335713,2011.0,"{""type"":""MultiPoint"",""coordinates"":[]}"
11_4,Khojavand,treated,0.5693355214019297,2011.0,"{""type"":""MultiPoint"",""coordinates"":[]}"
11_5,Fuzuli,treated,0.3985179332172137,2011.0,"{""type"":""MultiPoint"",""coordinates"":[]}"
11_6,Jabrayil,treated,0.34771322054934606,2011.0,"{""type"":""MultiPoint"",""coordinates"":[]}"
11_7,Gubadli,treated,0.5282564959058587,2011.0,"{""type"":""MultiPoint"",""coordinates"":[]}"
11_8,Zangilan,treated,0.531319652301607,2011.0,"{""type"":""MultiPoint"",""coordinates"":[]}"
11_9,Jalilabad,comparison,0.4606392528782346,2011.0,"{""type"":""MultiPoint"",""coordinates"":[]}"
11_10,Barda,comparison,0.5820212626363377,2011.0,"{""type"":""MultiPoint"",""coordinates"":[]}"
11_11,Aghjabadi,comparison,0.48396515391516065,2011.0,"{""type"":""MultiPoint"",""coordinates"":[]}"
11_12,Beylagan,comparison,0.5264334622828234,2011.0,"{""type"":""MultiPoint"",""coordinates"":[]}"
11_13,Goranboy,comparison,0.41799981818540605,2011.0,"{""type"":""MultiPoint"",""coordinates"":[]}"
11_14,Tartar,comparison,0.5634166008512209,2011.0,"{""type"":""MultiPoint"",""coordinates"":[]}"
11_15,Dashkasan,comparison,0.5980255077413928,2011.0,"{""type"":""MultiPoint"",""coordinates"":[]}"
11_16,Gadabay,comparison,0.6016643203795269,2011.0,"{""type"":""MultiPoint"",""coordinates"":[]}"
11_17,Tovuz,comparison,0.4712780584138951,2011.0,"{""type"":""MultiPoint"",""coordinates"":[]}"
11_18,Gazakh,comparison,0.5142899606507703,2011.0,"{""type"":""MultiPoint"",""coordinates"":[]}"
12_0,Shusha,treated,0.615333784230172,2012.0,"{""type"":""MultiPoint"",""coordinates"":[]}"
12_1,Kalbajar,treated,0.6163247244819735,2012.0,"{""type"":""MultiPoint"",""coordinates"":[]}"
12_2,Aghdam,treated,0.4310271104255624,2012.0,"{""type"":""MultiPoint"",""coordinates"":[]}"
12_3,Lachin,treated,0.5922126616106955,2012.0,"{""type"":""MultiPoint"",""coordinates"":[]}"
12_4,Khojavand,treated,0.5527041477536593,2012.0,"{""type"":""MultiPoint"",""coordinates"":[]}"
12_5,Fuzuli,treated,0.3972921028561559,2012.0,"{""type"":""MultiPoint"",""coordinates"":[]}"
12_6,Jabrayil,treated,0.38190347049839807,2012.0,"{""type"":""MultiPoint"",""coordinates"":[]}"
12_7,Gubadli,treated,0.5394537555223493,2012.0,"{""type"":""MultiPoint"",""coordinates"":[]}"
12_8,Zangilan,treated,0.538982506812747,2012.0,"{""type"":""MultiPoint"",""coordinates"":[]}"
12_9,Jalilabad,comparison,0.42850741541694765,2012.0,"{""type"":""MultiPoint"",""coordinates"":[]}"
12_10,Barda,comparison,0.5692034827446253,2012.0,"{""type"":""MultiPoint"",""coordinates"":[]}"
12_11,Aghjabadi,comparison,0.4687767070747903,2012.0,"{""type"":""MultiPoint"",""coordinates"":[]}"
12_12,Beylagan,comparison,0.5206634386603094,2012.0,"{""type"":""MultiPoint"",""coordinates"":[]}"
12_13,Goranboy,comparison,0.4032524696234021,2012.0,"{""type"":""MultiPoint"",""coordinates"":[]}"
12_14,Tartar,comparison,0.5385000890145322,2012.0,"{""type"":""MultiPoint"",""coordinates"":[]}"
12_15,Dashkasan,comparison,0.6176214060902523,2012.0,"{""type"":""MultiPoint"",""coordinates"":[]}"
12_16,Gadabay,comparison,0.6175862262173796,2012.0,"{""type"":""MultiPoint"",""coordinates"":[]}"
12_17,Tovuz,comparison,0.41736303689770926,2012.0,"{""type"":""MultiPoint"",""coordinates"":[]}"
12_18,Gazakh,comparison,0.4449313534834073,2012.0,"{""type"":""MultiPoint"",""coordinates"":[]}"
13_0,Shusha,treated,0.6307678343738644,2013.0,"{""type"":""MultiPoint"",""coordinates"":[]}"
13_1,Kalbajar,treated,0.6290382204124377,2013.0,"{""type"":""MultiPoint"",""coordinates"":[]}"
13_2,Aghdam,treated,0.42744774066897356,2013.0,"{""type"":""MultiPoint"",""coordinates"":[]}"
13_3,Lachin,treated,0.59030889175524,2013.0,"{""type"":""MultiPoint"",""coordinates"":[]}"
13_4,Khojavand,treated,0.5475523842209759,2013.0,"{""type"":""MultiPoint"",""coordinates"":[]}"
13_5,Fuzuli,treated,0.3835568115097498,2013.0,"{""type"":""MultiPoint"",""coordinates"":[]}"
13_6,Jabrayil,treated,0.3335084102961016,2013.0,"{""type"":""MultiPoint"",""coordinates"":[]}"
13_7,Gubadli,treated,0.5092729521390909,2013.0,"{""type"":""MultiPoint"",""coordinates"":[]}"
13_8,Zangilan,treated,0.4964623667937375,2013.0,"{""type"":""MultiPoint"",""coordinates"":[]}"
13_9,Jalilabad,comparison,0.4281256716176591,2013.0,"{""type"":""MultiPoint"",""coordinates"":[]}"
13_10,Barda,comparison,0.5627639013489595,2013.0,"{""type"":""MultiPoint"",""coordinates"":[]}"
13_11,Aghjabadi,comparison,0.48501161885409455,2013.0,"{""type"":""MultiPoint"",""coordinates"":[]}"
13_12,Beylagan,comparison,0.5365822240095369,2013.0,"{""type"":""MultiPoint"",""coordinates"":[]}"
13_13,Goranboy,comparison,0.3818586590737982,2013.0,"{""type"":""MultiPoint"",""coordinates"":[]}"
13_14,Tartar,comparison,0.513112983598674,2013.0,"{""type"":""MultiPoint"",""coordinates"":[]}"
13_15,Dashkasan,comparison,0.6381903031259543,2013.0,"{""type"":""MultiPoint"",""coordinates"":[]}"
13_16,Gadabay,comparison,0.6378630953221721,2013.0,"{""type"":""MultiPoint"",""coordinates"":[]}"
13_17,Tovuz,comparison,0.40190840025977664,2013.0,"{""type"":""MultiPoint"",""coordinates"":[]}"
13_18,Gazakh,comparison,0.4533069090986844,2013.0,"{""type"":""MultiPoint"",""coordinates"":[]}"
14_0,Shusha,treated,0.6008143163875401,2014.0,"{""type"":""MultiPoint"",""coordinates"":[]}"
14_1,Kalbajar,treated,0.6015825573379255,2014.0,"{""type"":""MultiPoint"",""coordinates"":[]}"
14_2,Aghdam,treated,0.3588601587687134,2014.0,"{""type"":""MultiPoint"",""coordinates"":[]}"
14_3,Lachin,treated,0.5601749312322085,2014.0,"{""type"":""MultiPoint"",""coordinates"":[]}"
14_4,Khojavand,treated,0.48208655432955505,2014.0,"{""type"":""MultiPoint"",""coordinates"":[]}"
14_5,Fuzuli,treated,0.31530159560031995,2014.0,"{""type"":""MultiPoint"",""coordinates"":[]}"
14_6,Jabrayil,treated,0.29916196714521837,2014.0,"{""type"":""MultiPoint"",""coordinates"":[]}"
14_7,Gubadli,treated,0.4692231654861286,2014.0,"{""type"":""MultiPoint"",""coordinates"":[]}"
14_8,Zangilan,treated,0.49340638219932276,2014.0,"{""type"":""MultiPoint"",""coordinates"":[]}"
14_9,Jalilabad,comparison,0.38121615635256095,2014.0,"{""type"":""MultiPoint"",""coordinates"":[]}"
14_10,Barda,comparison,0.5408547572712136,2014.0,"{""type"":""MultiPoint"",""coordinates"":[]}"
14_11,Aghjabadi,comparison,0.4303969116718435,2014.0,"{""type"":""MultiPoint"",""coordinates"":[]}"
14_12,Beylagan,comparison,0.4730054101513405,2014.0,"{""type"":""MultiPoint"",""coordinates"":[]}"
14_13,Goranboy,comparison,0.36647293056147906,2014.0,"{""type"":""MultiPoint"",""coordinates"":[]}"
14_14,Tartar,comparison,0.4834198932949323,2014.0,"{""type"":""MultiPoint"",""coordinates"":[]}"
14_15,Dashkasan,comparison,0.6050664665942036,2014.0,"{""type"":""MultiPoint"",""coordinates"":[]}"
14_16,Gadabay,comparison,0.6154348906102696,2014.0,"{""type"":""MultiPoint"",""coordinates"":[]}"
14_17,Tovuz,comparison,0.37287740013637843,2014.0,"{""type"":""MultiPoint"",""coordinates"":[]}"
14_18,Gazakh,comparison,0.41787154634918044,2014.0,"{""type"":""MultiPoint"",""coordinates"":[]}"
15_0,Shusha,treated,0.590123154295907,2015.0,"{""type"":""MultiPoint"",""coordinates"":[]}"
15_1,Kalbajar,treated,0.5723758528250001,2015.0,"{""type"":""MultiPoint"",""coordinates"":[]}"
15_2,Aghdam,treated,0.4215931384405492,2015.0,"{""type"":""MultiPoint"",""coordinates"":[]}"
15_3,Lachin,treated,0.5472990724282263,2015.0,"{""type"":""MultiPoint"",""coordinates"":[]}"
15_4,Khojavand,treated,0.5205463408908628,2015.0,"{""type"":""MultiPoint"",""coordinates"":[]}"
15_5,Fuzuli,treated,0.40385702152203884,2015.0,"{""type"":""MultiPoint"",""coordinates"":[]}"
15_6,Jabrayil,treated,0.35930697264807976,2015.0,"{""type"":""MultiPoint"",""coordinates"":[]}"
15_7,Gubadli,treated,0.5024753235976682,2015.0,"{""type"":""MultiPoint"",""coordinates"":[]}"
15_8,Zangilan,treated,0.5219496566897855,2015.0,"{""type"":""MultiPoint"",""coordinates"":[]}"
15_9,Jalilabad,comparison,0.4375323550380921,2015.0,"{""type"":""MultiPoint"",""coordinates"":[]}"
15_10,Barda,comparison,0.5633544352758079,2015.0,"{""type"":""MultiPoint"",""coordinates"":[]}"
15_11,Aghjabadi,comparison,0.4748168237186986,2015.0,"{""type"":""MultiPoint"",""coordinates"":[]}"
15_12,Beylagan,comparison,0.5183150098726683,2015.0,"{""type"":""MultiPoint"",""coordinates"":[]}"
15_13,Goranboy,comparison,0.3886738455496898,2015.0,"{""type"":""MultiPoint"",""coordinates"":[]}"
15_14,Tartar,comparison,0.5330544222606648,2015.0,"{""type"":""MultiPoint"",""coordinates"":[]}"
15_15,Dashkasan,comparison,0.5858872841045721,2015.0,"{""type"":""MultiPoint"",""coordinates"":[]}"
15_16,Gadabay,comparison,0.5776011376646469,2015.0,"{""type"":""MultiPoint"",""coordinates"":[]}"
15_17,Tovuz,comparison,0.4264677878441253,2015.0,"{""type"":""MultiPoint"",""coordinates"":[]}"
15_18,Gazakh,comparison,0.48251583396385145,2015.0,"{""type"":""MultiPoint"",""coordinates"":[]}"
16_0,Shusha,treated,0.6482342062233672,2016.0,"{""type"":""MultiPoint"",""coordinates"":[]}"
16_1,Kalbajar,treated,0.631557977577407,2016.0,"{""type"":""MultiPoint"",""coordinates"":[]}"
16_2,Aghdam,treated,0.42209351346767,2016.0,"{""type"":""MultiPoint"",""coordinates"":[]}"
16_3,Lachin,treated,0.6040605866470548,2016.0,"{""type"":""MultiPoint"",""coordinates"":[]}"
16_4,Khojavand,treated,0.5753071780592017,2016.0,"{""type"":""MultiPoint"",""coordinates"":[]}"
16_5,Fuzuli,treated,0.41831604452721877,2016.0,"{""type"":""MultiPoint"",""coordinates"":[]}"
16_6,Jabrayil,treated,0.34073102665891125,2016.0,"{""type"":""MultiPoint"",""coordinates"":[]}"
16_7,Gubadli,treated,0.5352071141183282,2016.0,"{""type"":""MultiPoint"",""coordinates"":[]}"
16_8,Zangilan,treated,0.5190270554375285,2016.0,"{""type"":""MultiPoint"",""coordinates"":[]}"
16_9,Jalilabad,comparison,0.4553698106097167,2016.0,"{""type"":""MultiPoint"",""coordinates"":[]}"
16_10,Barda,comparison,0.5638066567490791,2016.0,"{""type"":""MultiPoint"",""coordinates"":[]}"
16_11,Aghjabadi,comparison,0.486291901619473,2016.0,"{""type"":""MultiPoint"",""coordinates"":[]}"
16_12,Beylagan,comparison,0.549293186128634,2016.0,"{""type"":""MultiPoint"",""coordinates"":[]}"
16_13,Goranboy,comparison,0.3890894402863862,2016.0,"{""type"":""MultiPoint"",""coordinates"":[]}"
16_14,Tartar,comparison,0.5328210212660346,2016.0,"{""type"":""MultiPoint"",""coordinates"":[]}"
16_15,Dashkasan,comparison,0.6352472737338375,2016.0,"{""type"":""MultiPoint"",""coordinates"":[]}"
16_16,Gadabay,comparison,0.6459273376247682,2016.0,"{""type"":""MultiPoint"",""coordinates"":[]}"
16_17,Tovuz,comparison,0.4454086380534686,2016.0,"{""type"":""MultiPoint"",""coordinates"":[]}"
16_18,Gazakh,comparison,0.490200662608573,2016.0,"{""type"":""MultiPoint"",""coordinates"":[]}"
17_0,Shusha,treated,0.595763560763717,2017.0,"{""type"":""MultiPoint"",""coordinates"":[]}"
17_1,Kalbajar,treated,0.5825957873286216,2017.0,"{""type"":""MultiPoint"",""coordinates"":[]}"
17_2,Aghdam,treated,0.4202523436706325,2017.0,"{""type"":""MultiPoint"",""coordinates"":[]}"
17_3,Lachin,treated,0.5447755259443245,2017.0,"{""type"":""MultiPoint"",""coordinates"":[]}"
17_4,Khojavand,treated,0.5314293265142546,2017.0,"{""type"":""MultiPoint"",""coordinates"":[]}"
17_5,Fuzuli,treated,0.37069935890651745,2017.0,"{""type"":""MultiPoint"",""coordinates"":[]}"
17_6,Jabrayil,treated,0.3302286284963057,2017.0,"{""type"":""MultiPoint"",""coordinates"":[]}"
17_7,Gubadli,treated,0.47908725987211526,2017.0,"{""type"":""MultiPoint"",""coordinates"":[]}"
17_8,Zangilan,treated,0.4944839994615913,2017.0,"{""type"":""MultiPoint"",""coordinates"":[]}"
17_9,Jalilabad,comparison,0.43687887663877634,2017.0,"{""type"":""MultiPoint"",""coordinates"":[]}"
17_10,Barda,comparison,0.566095170862353,2017.0,"{""type"":""MultiPoint"",""coordinates"":[]}"
17_11,Aghjabadi,comparison,0.4619317763047248,2017.0,"{""type"":""MultiPoint"",""coordinates"":[]}"
17_12,Beylagan,comparison,0.5067985964511018,2017.0,"{""type"":""MultiPoint"",""coordinates"":[]}"
17_13,Goranboy,comparison,0.37800586402032643,2017.0,"{""type"":""MultiPoint"",""coordinates"":[]}"
17_14,Tartar,comparison,0.5423963382581533,2017.0,"{""type"":""MultiPoint"",""coordinates"":[]}"
17_15,Dashkasan,comparison,0.579607610415136,2017.0,"{""type"":""MultiPoint"",""coordinates"":[]}"
17_16,Gadabay,comparison,0.5710216435367216,2017.0,"{""type"":""MultiPoint"",""coordinates"":[]}"
17_17,Tovuz,comparison,0.39803590723458204,2017.0,"{""type"":""MultiPoint"",""coordinates"":[]}"
17_18,Gazakh,comparison,0.45120267873439324,2017.0,"{""type"":""MultiPoint"",""coordinates"":[]}"
18_0,Shusha,treated,0.621333685957784,2018.0,"{""type"":""MultiPoint"",""coordinates"":[]}"
18_1,Kalbajar,treated,0.6187593750525265,2018.0,"{""type"":""MultiPoint"",""coordinates"":[]}"
18_2,Aghdam,treated,0.40158763824040533,2018.0,"{""type"":""MultiPoint"",""coordinates"":[]}"
18_3,Lachin,treated,0.5744819292027318,2018.0,"{""type"":""MultiPoint"",""coordinates"":[]}"
18_4,Khojavand,treated,0.5208102429938547,2018.0,"{""type"":""MultiPoint"",""coordinates"":[]}"
18_5,Fuzuli,treated,0.36521915151564643,2018.0,"{""type"":""MultiPoint"",""coordinates"":[]}"
18_6,Jabrayil,treated,0.32030647833589826,2018.0,"{""type"":""MultiPoint"",""coordinates"":[]}"
18_7,Gubadli,treated,0.4781265775735156,2018.0,"{""type"":""MultiPoint"",""coordinates"":[]}"
18_8,Zangilan,treated,0.4966088394693008,2018.0,"{""type"":""MultiPoint"",""coordinates"":[]}"
18_9,Jalilabad,comparison,0.410244371791918,2018.0,"{""type"":""MultiPoint"",""coordinates"":[]}"
18_10,Barda,comparison,0.562536209239955,2018.0,"{""type"":""MultiPoint"",""coordinates"":[]}"
18_11,Aghjabadi,comparison,0.46606430619805683,2018.0,"{""type"":""MultiPoint"",""coordinates"":[]}"
18_12,Beylagan,comparison,0.5160756106445459,2018.0,"{""type"":""MultiPoint"",""coordinates"":[]}"
18_13,Goranboy,comparison,0.41557956469212903,2018.0,"{""type"":""MultiPoint"",""coordinates"":[]}"
18_14,Tartar,comparison,0.5344474328621466,2018.0,"{""type"":""MultiPoint"",""coordinates"":[]}"
18_15,Dashkasan,comparison,0.6172171040251391,2018.0,"{""type"":""MultiPoint"",""coordinates"":[]}"
18_16,Gadabay,comparison,0.6487275277958631,2018.0,"{""type"":""MultiPoint"",""coordinates"":[]}"
18_17,Tovuz,comparison,0.4555113534476708,2018.0,"{""type"":""MultiPoint"",""coordinates"":[]}"
18_18,Gazakh,comparison,0.4924704771516046,2018.0,"{""type"":""MultiPoint"",""coordinates"":[]}"
19_0,Shusha,treated,0.6099712673008953,2019.0,"{""type"":""MultiPoint"",""coordinates"":[]}"
19_1,Kalbajar,treated,0.5954057395688258,2019.0,"{""type"":""MultiPoint"",""coordinates"":[]}"
19_2,Aghdam,treated,0.3997033336790305,2019.0,"{""type"":""MultiPoint"",""coordinates"":[]}"
19_3,Lachin,treated,0.5526872431955355,2019.0,"{""type"":""MultiPoint"",""coordinates"":[]}"
19_4,Khojavand,treated,0.5135006777830922,2019.0,"{""type"":""MultiPoint"",""coordinates"":[]}"
19_5,Fuzuli,treated,0.3790813280892174,2019.0,"{""type"":""MultiPoint"",""coordinates"":[]}"
19_6,Jabrayil,treated,0.3073623684368844,2019.0,"{""type"":""MultiPoint"",""coordinates"":[]}"
19_7,Gubadli,treated,0.47279607087398295,2019.0,"{""type"":""MultiPoint"",""coordinates"":[]}"
19_8,Zangilan,treated,0.5034960601009179,2019.0,"{""type"":""MultiPoint"",""coordinates"":[]}"
19_9,Jalilabad,comparison,0.4344271334911139,2019.0,"{""type"":""MultiPoint"",""coordinates"":[]}"
19_10,Barda,comparison,0.5741265795052931,2019.0,"{""type"":""MultiPoint"",""coordinates"":[]}"
19_11,Aghjabadi,comparison,0.47446916240734616,2019.0,"{""type"":""MultiPoint"",""coordinates"":[]}"
19_12,Beylagan,comparison,0.5272245664304853,2019.0,"{""type"":""MultiPoint"",""coordinates"":[]}"
19_13,Goranboy,comparison,0.37417721733698206,2019.0,"{""type"":""MultiPoint"",""coordinates"":[]}"
19_14,Tartar,comparison,0.533344539048396,2019.0,"{""type"":""MultiPoint"",""coordinates"":[]}"
19_15,Dashkasan,comparison,0.5908745350646326,2019.0,"{""type"":""MultiPoint"",""coordinates"":[]}"
19_16,Gadabay,comparison,0.5956199490008756,2019.0,"{""type"":""MultiPoint"",""coordinates"":[]}"
19_17,Tovuz,comparison,0.39921947444022504,2019.0,"{""type"":""MultiPoint"",""coordinates"":[]}"
19_18,Gazakh,comparison,0.4207278588641687,2019.0,"{""type"":""MultiPoint"",""coordinates"":[]}"
20_0,Shusha,treated,0.6263649993393453,2020.0,"{""type"":""MultiPoint"",""coordinates"":[]}"
20_1,Kalbajar,treated,0.6108611763048485,2020.0,"{""type"":""MultiPoint"",""coordinates"":[]}"
20_2,Aghdam,treated,0.3920290406462997,2020.0,"{""type"":""MultiPoint"",""coordinates"":[]}"
20_3,Lachin,treated,0.5759421686522289,2020.0,"{""type"":""MultiPoint"",""coordinates"":[]}"
20_4,Khojavand,treated,0.5201336585477326,2020.0,"{""type"":""MultiPoint"",""coordinates"":[]}"
20_5,Fuzuli,treated,0.37507879171820296,2020.0,"{""type"":""MultiPoint"",""coordinates"":[]}"
20_6,Jabrayil,treated,0.3041736312517142,2020.0,"{""type"":""MultiPoint"",""coordinates"":[]}"
20_7,Gubadli,treated,0.4620907097779933,2020.0,"{""type"":""MultiPoint"",""coordinates"":[]}"
20_8,Zangilan,treated,0.5000164931108606,2020.0,"{""type"":""MultiPoint"",""coordinates"":[]}"
20_9,Jalilabad,comparison,0.43021725532339733,2020.0,"{""type"":""MultiPoint"",""coordinates"":[]}"
20_10,Barda,comparison,0.5832531447858461,2020.0,"{""type"":""MultiPoint"",""coordinates"":[]}"
20_11,Aghjabadi,comparison,0.4715327333640728,2020.0,"{""type"":""MultiPoint"",""coordinates"":[]}"
20_12,Beylagan,comparison,0.5133175887195635,2020.0,"{""type"":""MultiPoint"",""coordinates"":[]}"
20_13,Goranboy,comparison,0.3716156868198089,2020.0,"{""type"":""MultiPoint"",""coordinates"":[]}"
20_14,Tartar,comparison,0.5311883692957274,2020.0,"{""type"":""MultiPoint"",""coordinates"":[]}"
20_15,Dashkasan,comparison,0.6043217220023983,2020.0,"{""type"":""MultiPoint"",""coordinates"":[]}"
20_16,Gadabay,comparison,0.6130109419721104,2020.0,"{""type"":""MultiPoint"",""coordinates"":[]}"
20_17,Tovuz,comparison,0.3903000843620843,2020.0,"{""type"":""MultiPoint"",""coordinates"":[]}"
20_18,Gazakh,comparison,0.4206298569844527,2020.0,"{""type"":""MultiPoint"",""coordinates"":[]}"
21_0,Shusha,treated,0.5633983442341359,2021.0,"{""type"":""MultiPoint"",""coordinates"":[]}"
21_1,Kalbajar,treated,0.5828186818984784,2021.0,"{""type"":""MultiPoint"",""coordinates"":[]}"
21_2,Aghdam,treated,0.3792303934489816,2021.0,"{""type"":""MultiPoint"",""coordinates"":[]}"
21_3,Lachin,treated,0.5398661691953776,2021.0,"{""type"":""MultiPoint"",""coordinates"":[]}"
21_4,Khojavand,treated,0.4872195933704126,2021.0,"{""type"":""MultiPoint"",""coordinates"":[]}"
21_5,Fuzuli,treated,0.3449258492824153,2021.0,"{""type"":""MultiPoint"",""coordinates"":[]}"
21_6,Jabrayil,treated,0.28740498263452513,2021.0,"{""type"":""MultiPoint"",""coordinates"":[]}"
21_7,Gubadli,treated,0.45918884646540403,2021.0,"{""type"":""MultiPoint"",""coordinates"":[]}"
21_8,Zangilan,treated,0.49731776573002545,2021.0,"{""type"":""MultiPoint"",""coordinates"":[]}"
21_9,Jalilabad,comparison,0.4062766815264006,2021.0,"{""type"":""MultiPoint"",""coordinates"":[]}"
21_10,Barda,comparison,0.5709361903867272,2021.0,"{""type"":""MultiPoint"",""coordinates"":[]}"
21_11,Aghjabadi,comparison,0.4664349100331702,2021.0,"{""type"":""MultiPoint"",""coordinates"":[]}"
21_12,Beylagan,comparison,0.49860653702664237,2021.0,"{""type"":""MultiPoint"",""coordinates"":[]}"
21_13,Goranboy,comparison,0.38863177805281135,2021.0,"{""type"":""MultiPoint"",""coordinates"":[]}"
21_14,Tartar,comparison,0.5181980141050648,2021.0,"{""type"":""MultiPoint"",""coordinates"":[]}"
21_15,Dashkasan,comparison,0.5601194665771003,2021.0,"{""type"":""MultiPoint"",""coordinates"":[]}"
21_16,Gadabay,comparison,0.5965989613773278,2021.0,"{""type"":""MultiPoint"",""coordinates"":[]}"
21_17,Tovuz,comparison,0.4185354044399198,2021.0,"{""type"":""MultiPoint"",""coordinates"":[]}"
21_18,Gazakh,comparison,0.4544155696141996,2021.0,"{""type"":""MultiPoint"",""coordinates"":[]}"
22_0,Shusha,treated,0.5448694405906249,2022.0,"{""type"":""MultiPoint"",""coordinates"":[]}"
22_1,Kalbajar,treated,0.5865035226104734,2022.0,"{""type"":""MultiPoint"",""coordinates"":[]}"
22_2,Aghdam,treated,0.3632581407024975,2022.0,"{""type"":""MultiPoint"",""coordinates"":[]}"
22_3,Lachin,treated,0.5406636063326431,2022.0,"{""type"":""MultiPoint"",""coordinates"":[]}"
22_4,Khojavand,treated,0.4861475418975216,2022.0,"{""type"":""MultiPoint"",""coordinates"":[]}"
22_5,Fuzuli,treated,0.33689031611092146,2022.0,"{""type"":""MultiPoint"",""coordinates"":[]}"
22_6,Jabrayil,treated,0.2766059094412167,2022.0,"{""type"":""MultiPoint"",""coordinates"":[]}"
22_7,Gubadli,treated,0.43398263167477297,2022.0,"{""type"":""MultiPoint"",""coordinates"":[]}"
22_8,Zangilan,treated,0.4674048901743172,2022.0,"{""type"":""MultiPoint"",""coordinates"":[]}"
22_9,Jalilabad,comparison,0.4051510217366325,2022.0,"{""type"":""MultiPoint"",""coordinates"":[]}"
22_10,Barda,comparison,0.5510182916381389,2022.0,"{""type"":""MultiPoint"",""coordinates"":[]}"
22_11,Aghjabadi,comparison,0.4416281128094253,2022.0,"{""type"":""MultiPoint"",""coordinates"":[]}"
22_12,Beylagan,comparison,0.4839539048424894,2022.0,"{""type"":""MultiPoint"",""coordinates"":[]}"
22_13,Goranboy,comparison,0.3595234225435073,2022.0,"{""type"":""MultiPoint"",""coordinates"":[]}"
22_14,Tartar,comparison,0.4982974478295952,2022.0,"{""type"":""MultiPoint"",""coordinates"":[]}"
22_15,Dashkasan,comparison,0.5892337145387285,2022.0,"{""type"":""MultiPoint"",""coordinates"":[]}"
22_16,Gadabay,comparison,0.5817279133572144,2022.0,"{""type"":""MultiPoint"",""coordinates"":[]}"
22_17,Tovuz,comparison,0.3901335167300295,2022.0,"{""type"":""MultiPoint"",""coordinates"":[]}"
22_18,Gazakh,comparison,0.44093722322864354,2022.0,"{""type"":""MultiPoint"",""coordinates"":[]}"
23_0,Shusha,treated,0.5753971410167475,2023.0,"{""type"":""MultiPoint"",""coordinates"":[]}"
23_1,Kalbajar,treated,0.6228091215960462,2023.0,"{""type"":""MultiPoint"",""coordinates"":[]}"
23_2,Aghdam,treated,0.40609984806879984,2023.0,"{""type"":""MultiPoint"",""coordinates"":[]}"
23_3,Lachin,treated,0.5877812120297778,2023.0,"{""type"":""MultiPoint"",""coordinates"":[]}"
23_4,Khojavand,treated,0.49243990347486366,2023.0,"{""type"":""MultiPoint"",""coordinates"":[]}"
23_5,Fuzuli,treated,0.32822676109437543,2023.0,"{""type"":""MultiPoint"",""coordinates"":[]}"
23_6,Jabrayil,treated,0.23864898973648585,2023.0,"{""type"":""MultiPoint"",""coordinates"":[]}"
23_7,Gubadli,treated,0.4431551568028634,2023.0,"{""type"":""MultiPoint"",""coordinates"":[]}"
23_8,Zangilan,treated,0.4414200025790605,2023.0,"{""type"":""MultiPoint"",""coordinates"":[]}"
23_9,Jalilabad,comparison,0.44614564108286614,2023.0,"{""type"":""MultiPoint"",""coordinates"":[]}"
23_10,Barda,comparison,0.5894284037042057,2023.0,"{""type"":""MultiPoint"",""coordinates"":[]}"
23_11,Aghjabadi,comparison,0.46054104645254784,2023.0,"{""type"":""MultiPoint"",""coordinates"":[]}"
23_12,Beylagan,comparison,0.49466776187971573,2023.0,"{""type"":""MultiPoint"",""coordinates"":[]}"
23_13,Goranboy,comparison,0.39178632583313905,2023.0,"{""type"":""MultiPoint"",""coordinates"":[]}"
23_14,Tartar,comparison,0.5414828512697121,2023.0,"{""type"":""MultiPoint"",""coordinates"":[]}"
23_15,Dashkasan,comparison,0.636431624977792,2023.0,"{""type"":""MultiPoint"",""coordinates"":[]}"
23_16,Gadabay,comparison,0.647602499640757,2023.0,"{""type"":""MultiPoint"",""coordinates"":[]}"
23_17,Tovuz,comparison,0.4148270693789906,2023.0,"{""type"":""MultiPoint"",""coordinates"":[]}"
23_18,Gazakh,comparison,0.4661406880414333,2023.0,"{""type"":""MultiPoint"",""coordinates"":[]}"
24_0,Shusha,treated,0.5964052373402042,2024.0,"{""type"":""MultiPoint"",""coordinates"":[]}"
24_1,Kalbajar,treated,0.6582195840896814,2024.0,"{""type"":""MultiPoint"",""coordinates"":[]}"
24_2,Aghdam,treated,0.43785215259730953,2024.0,"{""type"":""MultiPoint"",""coordinates"":[]}"
24_3,Lachin,treated,0.6112613917380791,2024.0,"{""type"":""MultiPoint"",""coordinates"":[]}"
24_4,Khojavand,treated,0.5664454326842351,2024.0,"{""type"":""MultiPoint"",""coordinates"":[]}"
24_5,Fuzuli,treated,0.4144143097056629,2024.0,"{""type"":""MultiPoint"",""coordinates"":[]}"
24_6,Jabrayil,treated,0.36639360278004485,2024.0,"{""type"":""MultiPoint"",""coordinates"":[]}"
24_7,Gubadli,treated,0.5252733152394604,2024.0,"{""type"":""MultiPoint"",""coordinates"":[]}"
24_8,Zangilan,treated,0.5248779452188265,2024.0,"{""type"":""MultiPoint"",""coordinates"":[]}"
24_9,Jalilabad,comparison,0.45247963991128787,2024.0,"{""type"":""MultiPoint"",""coordinates"":[]}"
24_10,Barda,comparison,0.597875025093752,2024.0,"{""type"":""MultiPoint"",""coordinates"":[]}"
24_11,Aghjabadi,comparison,0.4954512487184417,2024.0,"{""type"":""MultiPoint"",""coordinates"":[]}"
24_12,Beylagan,comparison,0.5373109210023357,2024.0,"{""type"":""MultiPoint"",""coordinates"":[]}"
24_13,Goranboy,comparison,0.4239498029936989,2024.0,"{""type"":""MultiPoint"",""coordinates"":[]}"
24_14,Tartar,comparison,0.5574407152790651,2024.0,"{""type"":""MultiPoint"",""coordinates"":[]}"
24_15,Dashkasan,comparison,0.6634425506353812,2024.0,"{""type"":""MultiPoint"",""coordinates"":[]}"
24_16,Gadabay,comparison,0.6676083167291726,2024.0,"{""type"":""MultiPoint"",""coordinates"":[]}"
24_17,Tovuz,comparison,0.4933718577535787,2024.0,"{""type"":""MultiPoint"",""coordinates"":[]}"
24_18,Gazakh,comparison,0.48945537550303353,2024.0,"{""type"":""MultiPoint"",""coordinates"":[]}"
