system:index,district,group,nighttime_lights,year,.geo
0_0,Shusha,treated,4.593273376523504,2014.0,"{""type"":""MultiPoint"",""coordinates"":[]}"
0_1,Kalbajar,treated,0.17681769459057545,2014.0,"{""type"":""MultiPoint"",""coordinates"":[]}"
0_2,Aghdam,treated,0.5322433257241396,2014.0,"{""type"":""MultiPoint"",""coordinates"":[]}"
0_3,Lachin,treated,0.19025250493980586,2014.0,"{""type"":""MultiPoint"",""coordinates"":[]}"
0_4,Khojavand,treated,0.20713595262174336,2014.0,"{""type"":""MultiPoint"",""coordinates"":[]}"
0_5,Fuzuli,treated,0.6069388851717052,2014.0,"{""type"":""MultiPoint"",""coordinates"":[]}"
0_6,Jabrayil,treated,0.23255355601328012,2014.0,"{""type"":""MultiPoint"",""coordinates"":[]}"
0_7,Gubadli,treated,0.16658918063792558,2014.0,"{""type"":""MultiPoint"",""coordinates"":[]}"
0_8,Zangilan,treated,0.1951317699032773,2014.0,"{""type"":""MultiPoint"",""coordinates"":[]}"
0_9,Jalilabad,comparison,0.5299617284788707,2014.0,"{""type"":""MultiPoint"",""coordinates"":[]}"
0_10,Barda,comparison,0.8814368109959057,2014.0,"{""type"":""MultiPoint"",""coordinates"":[]}"
0_11,Aghjabadi,comparison,0.6444395231855278,2014.0,"{""type"":""MultiPoint"",""coordinates"":[]}"
0_12,Beylagan,comparison,0.6661053459752647,2014.0,"{""type"":""MultiPoint"",""coordinates"":[]}"
0_13,Goranboy,comparison,0.43195761114726416,2014.0,"{""type"":""MultiPoint"",""coordinates"":[]}"
0_14,Tartar,comparison,0.48771584396033135,2014.0,"{""type"":""MultiPoint"",""coordinates"":[]}"
0_15,Dashkasan,comparison,0.22934320865901286,2014.0,"{""type"":""MultiPoint"",""coordinates"":[]}"
0_16,Gadabay,comparison,0.3210941755354114,2014.0,"{""type"":""MultiPoint"",""coordinates"":[]}"
0_17,Tovuz,comparison,0.29668420777700366,2014.0,"{""type"":""MultiPoint"",""coordinates"":[]}"
0_18,Gazakh,comparison,0.4523962274111025,2014.0,"{""type"":""MultiPoint"",""coordinates"":[]}"
1_0,Shusha,treated,5.13250008055412,2015.0,"{""type"":""MultiPoint"",""coordinates"":[]}"
1_1,Kalbajar,treated,0.11322399647405516,2015.0,"{""type"":""MultiPoint"",""coordinates"":[]}"
1_2,Aghdam,treated,0.5110572919995211,2015.0,"{""type"":""MultiPoint"",""coordinates"":[]}"
1_3,Lachin,treated,0.11371130562309062,2015.0,"{""type"":""MultiPoint"",""coordinates"":[]}"
1_4,Khojavand,treated,0.15925306883462625,2015.0,"{""type"":""MultiPoint"",""coordinates"":[]}"
1_5,Fuzuli,treated,0.6469546983215285,2015.0,"{""type"":""MultiPoint"",""coordinates"":[]}"
1_6,Jabrayil,treated,0.27021207489215815,2015.0,"{""type"":""MultiPoint"",""coordinates"":[]}"
1_7,Gubadli,treated,0.12257965162505416,2015.0,"{""type"":""MultiPoint"",""coordinates"":[]}"
1_8,Zangilan,treated,0.16097533259133262,2015.0,"{""type"":""MultiPoint"",""coordinates"":[]}"
1_9,Jalilabad,comparison,0.4906009317011542,2015.0,"{""type"":""MultiPoint"",""coordinates"":[]}"
1_10,Barda,comparison,0.891655320024476,2015.0,"{""type"":""MultiPoint"",""coordinates"":[]}"
1_11,Aghjabadi,comparison,0.6452450920498731,2015.0,"{""type"":""MultiPoint"",""coordinates"":[]}"
1_12,Beylagan,comparison,0.6299127822474069,2015.0,"{""type"":""MultiPoint"",""coordinates"":[]}"
1_13,Goranboy,comparison,0.38813182015417996,2015.0,"{""type"":""MultiPoint"",""coordinates"":[]}"
1_14,Tartar,comparison,0.476969062527007,2015.0,"{""type"":""MultiPoint"",""coordinates"":[]}"
1_15,Dashkasan,comparison,0.1595480639684415,2015.0,"{""type"":""MultiPoint"",""coordinates"":[]}"
1_16,Gadabay,comparison,0.2197920506585418,2015.0,"{""type"":""MultiPoint"",""coordinates"":[]}"
1_17,Tovuz,comparison,0.22215660644371654,2015.0,"{""type"":""MultiPoint"",""coordinates"":[]}"
1_18,Gazakh,comparison,0.44256795499015944,2015.0,"{""type"":""MultiPoint"",""coordinates"":[]}"
2_0,Shusha,treated,4.482801626124989,2016.0,"{""type"":""MultiPoint"",""coordinates"":[]}"
2_1,Kalbajar,treated,0.1002064288411793,2016.0,"{""type"":""MultiPoint"",""coordinates"":[]}"
2_2,Aghdam,treated,0.46143105658373273,2016.0,"{""type"":""MultiPoint"",""coordinates"":[]}"
2_3,Lachin,treated,0.09904728660954301,2016.0,"{""type"":""MultiPoint"",""coordinates"":[]}"
2_4,Khojavand,treated,0.15739831484150468,2016.0,"{""type"":""MultiPoint"",""coordinates"":[]}"
2_5,Fuzuli,treated,0.5381645193361295,2016.0,"{""type"":""MultiPoint"",""coordinates"":[]}"
2_6,Jabrayil,treated,0.13319190411517973,2016.0,"{""type"":""MultiPoint"",""coordinates"":[]}"
2_7,Gubadli,treated,0.09358743274797926,2016.0,"{""type"":""MultiPoint"",""coordinates"":[]}"
2_8,Zangilan,treated,0.10396349170965502,2016.0,"{""type"":""MultiPoint"",""coordinates"":[]}"
2_9,Jalilabad,comparison,0.44316628192733176,2016.0,"{""type"":""MultiPoint"",""coordinates"":[]}"
2_10,Barda,comparison,0.8326877895692449,2016.0,"{""type"":""MultiPoint"",""coordinates"":[]}"
2_11,Aghjabadi,comparison,0.5836178961576679,2016.0,"{""type"":""MultiPoint"",""coordinates"":[]}"
2_12,Beylagan,comparison,0.5750759740791315,2016.0,"{""type"":""MultiPoint"",""coordinates"":[]}"
2_13,Goranboy,comparison,0.3534032354187401,2016.0,"{""type"":""MultiPoint"",""coordinates"":[]}"
2_14,Tartar,comparison,0.3914733686994975,2016.0,"{""type"":""MultiPoint"",""coordinates"":[]}"
2_15,Dashkasan,comparison,0.15685405032698624,2016.0,"{""type"":""MultiPoint"",""coordinates"":[]}"
2_16,Gadabay,comparison,0.2310401603942063,2016.0,"{""type"":""MultiPoint"",""coordinates"":[]}"
2_17,Tovuz,comparison,0.21535134982594203,2016.0,"{""type"":""MultiPoint"",""coordinates"":[]}"
2_18,Gazakh,comparison,0.4458717801879045,2016.0,"{""type"":""MultiPoint"",""coordinates"":[]}"
3_0,Shusha,treated,2.532050301033041,2017.0,"{""type"":""MultiPoint"",""coordinates"":[]}"
3_1,Kalbajar,treated,0.3096604516632483,2017.0,"{""type"":""MultiPoint"",""coordinates"":[]}"
3_2,Aghdam,treated,0.5875953117993795,2017.0,"{""type"":""MultiPoint"",""coordinates"":[]}"
3_3,Lachin,treated,0.3055267039884257,2017.0,"{""type"":""MultiPoint"",""coordinates"":[]}"
3_4,Khojavand,treated,0.33339045339368106,2017.0,"{""type"":""MultiPoint"",""coordinates"":[]}"
3_5,Fuzuli,treated,0.619450255534408,2017.0,"{""type"":""MultiPoint"",""coordinates"":[]}"
3_6,Jabrayil,treated,0.3593229210864327,2017.0,"{""type"":""MultiPoint"",""coordinates"":[]}"
3_7,Gubadli,treated,0.2951466679552944,2017.0,"{""type"":""MultiPoint"",""coordinates"":[]}"
3_8,Zangilan,treated,0.32490829900331697,2017.0,"{""type"":""MultiPoint"",""coordinates"":[]}"
3_9,Jalilabad,comparison,0.6158548005534897,2017.0,"{""type"":""MultiPoint"",""coordinates"":[]}"
3_10,Barda,comparison,0.8934031625960964,2017.0,"{""type"":""MultiPoint"",""coordinates"":[]}"
3_11,Aghjabadi,comparison,0.7018218449115905,2017.0,"{""type"":""MultiPoint"",""coordinates"":[]}"
3_12,Beylagan,comparison,0.7163839260905187,2017.0,"{""type"":""MultiPoint"",""coordinates"":[]}"
3_13,Goranboy,comparison,0.52315456983952,2017.0,"{""type"":""MultiPoint"",""coordinates"":[]}"
3_14,Tartar,comparison,0.551148787315846,2017.0,"{""type"":""MultiPoint"",""coordinates"":[]}"
3_15,Dashkasan,comparison,0.3554677131692571,2017.0,"{""type"":""MultiPoint"",""coordinates"":[]}"
3_16,Gadabay,comparison,0.40950844432988087,2017.0,"{""type"":""MultiPoint"",""coordinates"":[]}"
3_17,Tovuz,comparison,0.4103000433389355,2017.0,"{""type"":""MultiPoint"",""coordinates"":[]}"
3_18,Gazakh,comparison,0.6601634579781328,2017.0,"{""type"":""MultiPoint"",""coordinates"":[]}"
4_0,Shusha,treated,2.4993413435132874,2018.0,"{""type"":""MultiPoint"",""coordinates"":[]}"
4_1,Kalbajar,treated,0.2543118819158411,2018.0,"{""type"":""MultiPoint"",""coordinates"":[]}"
4_2,Aghdam,treated,0.5164496179900164,2018.0,"{""type"":""MultiPoint"",""coordinates"":[]}"
4_3,Lachin,treated,0.24175207758924114,2018.0,"{""type"":""MultiPoint"",""coordinates"":[]}"
4_4,Khojavand,treated,0.28614815205689,2018.0,"{""type"":""MultiPoint"",""coordinates"":[]}"
4_5,Fuzuli,treated,0.49386436882889034,2018.0,"{""type"":""MultiPoint"",""coordinates"":[]}"
4_6,Jabrayil,treated,0.3162146550333826,2018.0,"{""type"":""MultiPoint"",""coordinates"":[]}"
4_7,Gubadli,treated,0.25367268129870785,2018.0,"{""type"":""MultiPoint"",""coordinates"":[]}"
4_8,Zangilan,treated,0.28688207638076385,2018.0,"{""type"":""MultiPoint"",""coordinates"":[]}"
4_9,Jalilabad,comparison,0.5958721841123845,2018.0,"{""type"":""MultiPoint"",""coordinates"":[]}"
4_10,Barda,comparison,0.7977303625267219,2018.0,"{""type"":""MultiPoint"",""coordinates"":[]}"
4_11,Aghjabadi,comparison,0.6575055947416469,2018.0,"{""type"":""MultiPoint"",""coordinates"":[]}"
4_12,Beylagan,comparison,0.6318101709362083,2018.0,"{""type"":""MultiPoint"",""coordinates"":[]}"
4_13,Goranboy,comparison,0.48360930200890173,2018.0,"{""type"":""MultiPoint"",""coordinates"":[]}"
4_14,Tartar,comparison,0.5002546690093014,2018.0,"{""type"":""MultiPoint"",""coordinates"":[]}"
4_15,Dashkasan,comparison,0.2928333929708009,2018.0,"{""type"":""MultiPoint"",""coordinates"":[]}"
4_16,Gadabay,comparison,0.3561575146551684,2018.0,"{""type"":""MultiPoint"",""coordinates"":[]}"
4_17,Tovuz,comparison,0.3503922375695602,2018.0,"{""type"":""MultiPoint"",""coordinates"":[]}"
4_18,Gazakh,comparison,0.5415511082148212,2018.0,"{""type"":""MultiPoint"",""coordinates"":[]}"
5_0,Shusha,treated,1.8906537467368811,2019.0,"{""type"":""MultiPoint"",""coordinates"":[]}"
5_1,Kalbajar,treated,0.27493535029074523,2019.0,"{""type"":""MultiPoint"",""coordinates"":[]}"
5_2,Aghdam,treated,0.507046652949859,2019.0,"{""type"":""MultiPoint"",""coordinates"":[]}"
5_3,Lachin,treated,0.26417558659612805,2019.0,"{""type"":""MultiPoint"",""coordinates"":[]}"
5_4,Khojavand,treated,0.28573816804078755,2019.0,"{""type"":""MultiPoint"",""coordinates"":[]}"
5_5,Fuzuli,treated,0.5232358008730181,2019.0,"{""type"":""MultiPoint"",""coordinates"":[]}"
5_6,Jabrayil,treated,0.33401579225005235,2019.0,"{""type"":""MultiPoint"",""coordinates"":[]}"
5_7,Gubadli,treated,0.27980070652046285,2019.0,"{""type"":""MultiPoint"",""coordinates"":[]}"
5_8,Zangilan,treated,0.284654027593643,2019.0,"{""type"":""MultiPoint"",""coordinates"":[]}"
5_9,Jalilabad,comparison,0.6191147640817118,2019.0,"{""type"":""MultiPoint"",""coordinates"":[]}"
5_10,Barda,comparison,0.8690029183746851,2019.0,"{""type"":""MultiPoint"",""coordinates"":[]}"
5_11,Aghjabadi,comparison,0.6908465038891133,2019.0,"{""type"":""MultiPoint"",""coordinates"":[]}"
5_12,Beylagan,comparison,0.6180089673386193,2019.0,"{""type"":""MultiPoint"",""coordinates"":[]}"
5_13,Goranboy,comparison,0.5085880759017842,2019.0,"{""type"":""MultiPoint"",""coordinates"":[]}"
5_14,Tartar,comparison,0.49855327718787035,2019.0,"{""type"":""MultiPoint"",""coordinates"":[]}"
5_15,Dashkasan,comparison,0.31976912773704613,2019.0,"{""type"":""MultiPoint"",""coordinates"":[]}"
5_16,Gadabay,comparison,0.3826690645551211,2019.0,"{""type"":""MultiPoint"",""coordinates"":[]}"
5_17,Tovuz,comparison,0.3961868389809375,2019.0,"{""type"":""MultiPoint"",""coordinates"":[]}"
5_18,Gazakh,comparison,0.6554218375233022,2019.0,"{""type"":""MultiPoint"",""coordinates"":[]}"
6_0,Shusha,treated,1.673016726344871,2020.0,"{""type"":""MultiPoint"",""coordinates"":[]}"
6_1,Kalbajar,treated,0.3336634651621385,2020.0,"{""type"":""MultiPoint"",""coordinates"":[]}"
6_2,Aghdam,treated,0.5286628838931781,2020.0,"{""type"":""MultiPoint"",""coordinates"":[]}"
6_3,Lachin,treated,0.3216921993170902,2020.0,"{""type"":""MultiPoint"",""coordinates"":[]}"
6_4,Khojavand,treated,0.3445655077826644,2020.0,"{""type"":""MultiPoint"",""coordinates"":[]}"
6_5,Fuzuli,treated,0.511412127095393,2020.0,"{""type"":""MultiPoint"",""coordinates"":[]}"
6_6,Jabrayil,treated,0.35069074961147007,2020.0,"{""type"":""MultiPoint"",""coordinates"":[]}"
6_7,Gubadli,treated,0.31506927742681806,2020.0,"{""type"":""MultiPoint"",""coordinates"":[]}"
6_8,Zangilan,treated,0.33829137973224715,2020.0,"{""type"":""MultiPoint"",""coordinates"":[]}"
6_9,Jalilabad,comparison,0.6525929053286644,2020.0,"{""type"":""MultiPoint"",""coordinates"":[]}"
6_10,Barda,comparison,0.9702885477940422,2020.0,"{""type"":""MultiPoint"",""coordinates"":[]}"
6_11,Aghjabadi,comparison,0.7017838531321737,2020.0,"{""type"":""MultiPoint"",""coordinates"":[]}"
6_12,Beylagan,comparison,0.6324065215932798,2020.0,"{""type"":""MultiPoint"",""coordinates"":[]}"
6_13,Goranboy,comparison,0.5330847821726089,2020.0,"{""type"":""MultiPoint"",""coordinates"":[]}"
6_14,Tartar,comparison,0.5405393099560443,2020.0,"{""type"":""MultiPoint"",""coordinates"":[]}"
6_15,Dashkasan,comparison,0.382488264821297,2020.0,"{""type"":""MultiPoint"",""coordinates"":[]}"
6_16,Gadabay,comparison,0.43570995268524143,2020.0,"{""type"":""MultiPoint"",""coordinates"":[]}"
6_17,Tovuz,comparison,0.4559812558927479,2020.0,"{""type"":""MultiPoint"",""coordinates"":[]}"
6_18,Gazakh,comparison,0.6612881701502752,2020.0,"{""type"":""MultiPoint"",""coordinates"":[]}"
7_0,Shusha,treated,6.22814189388805,2021.0,"{""type"":""MultiPoint"",""coordinates"":[]}"
7_1,Kalbajar,treated,0.38042795756325887,2021.0,"{""type"":""MultiPoint"",""coordinates"":[]}"
7_2,Aghdam,treated,0.5827283044433295,2021.0,"{""type"":""MultiPoint"",""coordinates"":[]}"
7_3,Lachin,treated,0.3769916709708673,2021.0,"{""type"":""MultiPoint"",""coordinates"":[]}"
7_4,Khojavand,treated,0.4054644674281743,2021.0,"{""type"":""MultiPoint"",""coordinates"":[]}"
7_5,Fuzuli,treated,0.5813809120978487,2021.0,"{""type"":""MultiPoint"",""coordinates"":[]}"
7_6,Jabrayil,treated,0.4466547257710532,2021.0,"{""type"":""MultiPoint"",""coordinates"":[]}"
7_7,Gubadli,treated,0.4086655339095373,2021.0,"{""type"":""MultiPoint"",""coordinates"":[]}"
7_8,Zangilan,treated,0.4208559609471389,2021.0,"{""type"":""MultiPoint"",""coordinates"":[]}"
7_9,Jalilabad,comparison,0.6968549432673231,2021.0,"{""type"":""MultiPoint"",""coordinates"":[]}"
7_10,Barda,comparison,0.9619690606908488,2021.0,"{""type"":""MultiPoint"",""coordinates"":[]}"
7_11,Aghjabadi,comparison,0.7073119592804392,2021.0,"{""type"":""MultiPoint"",""coordinates"":[]}"
7_12,Beylagan,comparison,0.6651726079769454,2021.0,"{""type"":""MultiPoint"",""coordinates"":[]}"
7_13,Goranboy,comparison,0.579983371408804,2021.0,"{""type"":""MultiPoint"",""coordinates"":[]}"
7_14,Tartar,comparison,0.620791043908977,2021.0,"{""type"":""MultiPoint"",""coordinates"":[]}"
7_15,Dashkasan,comparison,0.43156123188131473,2021.0,"{""type"":""MultiPoint"",""coordinates"":[]}"
7_16,Gadabay,comparison,0.4862729177707184,2021.0,"{""type"":""MultiPoint"",""coordinates"":[]}"
7_17,Tovuz,comparison,0.5144659281742187,2021.0,"{""type"":""MultiPoint"",""coordinates"":[]}"
7_18,Gazakh,comparison,0.7381740008705107,2021.0,"{""type"":""MultiPoint"",""coordinates"":[]}"
8_0,Shusha,treated,10.954852767206033,2022.0,"{""type"":""MultiPoint"",""coordinates"":[]}"
8_1,Kalbajar,treated,0.38303557618138895,2022.0,"{""type"":""MultiPoint"",""coordinates"":[]}"
8_2,Aghdam,treated,0.5931078157083104,2022.0,"{""type"":""MultiPoint"",""coordinates"":[]}"
8_3,Lachin,treated,0.38849915060946427,2022.0,"{""type"":""MultiPoint"",""coordinates"":[]}"
8_4,Khojavand,treated,0.4182303021878681,2022.0,"{""type"":""MultiPoint"",""coordinates"":[]}"
8_5,Fuzuli,treated,0.641942451043944,2022.0,"{""type"":""MultiPoint"",""coordinates"":[]}"
8_6,Jabrayil,treated,0.4825138224805893,2022.0,"{""type"":""MultiPoint"",""coordinates"":[]}"
8_7,Gubadli,treated,0.4004303756693155,2022.0,"{""type"":""MultiPoint"",""coordinates"":[]}"
8_8,Zangilan,treated,0.5281713316589546,2022.0,"{""type"":""MultiPoint"",""coordinates"":[]}"
8_9,Jalilabad,comparison,0.6957497013416029,2022.0,"{""type"":""MultiPoint"",""coordinates"":[]}"
8_10,Barda,comparison,0.9774936858225158,2022.0,"{""type"":""MultiPoint"",""coordinates"":[]}"
8_11,Aghjabadi,comparison,0.6969286170997484,2022.0,"{""type"":""MultiPoint"",""coordinates"":[]}"
8_12,Beylagan,comparison,0.6525661511346684,2022.0,"{""type"":""MultiPoint"",""coordinates"":[]}"
8_13,Goranboy,comparison,0.5710375242123604,2022.0,"{""type"":""MultiPoint"",""coordinates"":[]}"
8_14,Tartar,comparison,0.6133508131843352,2022.0,"{""type"":""MultiPoint"",""coordinates"":[]}"
8_15,Dashkasan,comparison,0.42671503884209044,2022.0,"{""type"":""MultiPoint"",""coordinates"":[]}"
8_16,Gadabay,comparison,0.4673251359098367,2022.0,"{""type"":""MultiPoint"",""coordinates"":[]}"
8_17,Tovuz,comparison,0.5076257506542542,2022.0,"{""type"":""MultiPoint"",""coordinates"":[]}"
8_18,Gazakh,comparison,0.72637457361527,2022.0,"{""type"":""MultiPoint"",""coordinates"":[]}"
9_0,Shusha,treated,15.523788649807265,2023.0,"{""type"":""MultiPoint"",""coordinates"":[]}"
9_1,Kalbajar,treated,0.4589424064804571,2023.0,"{""type"":""MultiPoint"",""coordinates"":[]}"
9_2,Aghdam,treated,0.69719123901349,2023.0,"{""type"":""MultiPoint"",""coordinates"":[]}"
9_3,Lachin,treated,0.5718922128386008,2023.0,"{""type"":""MultiPoint"",""coordinates"":[]}"
9_4,Khojavand,treated,0.490634418101839,2023.0,"{""type"":""MultiPoint"",""coordinates"":[]}"
9_5,Fuzuli,treated,0.7209509651023845,2023.0,"{""type"":""MultiPoint"",""coordinates"":[]}"
9_6,Jabrayil,treated,0.5731696936597885,2023.0,"{""type"":""MultiPoint"",""coordinates"":[]}"
9_7,Gubadli,treated,0.501930116082779,2023.0,"{""type"":""MultiPoint"",""coordinates"":[]}"
9_8,Zangilan,treated,0.6734149639487146,2023.0,"{""type"":""MultiPoint"",""coordinates"":[]}"
9_9,Jalilabad,comparison,0.847157877335203,2023.0,"{""type"":""MultiPoint"",""coordinates"":[]}"
9_10,Barda,comparison,1.2176600105285338,2023.0,"{""type"":""MultiPoint"",""coordinates"":[]}"
9_11,Aghjabadi,comparison,0.8180949949144323,2023.0,"{""type"":""MultiPoint"",""coordinates"":[]}"
9_12,Beylagan,comparison,0.7752374228152414,2023.0,"{""type"":""MultiPoint"",""coordinates"":[]}"
9_13,Goranboy,comparison,0.6633486252873689,2023.0,"{""type"":""MultiPoint"",""coordinates"":[]}"
9_14,Tartar,comparison,0.6691507188533846,2023.0,"{""type"":""MultiPoint"",""coordinates"":[]}"
9_15,Dashkasan,comparison,0.5255777157614927,2023.0,"{""type"":""MultiPoint"",""coordinates"":[]}"
9_16,Gadabay,comparison,0.5513777976079992,2023.0,"{""type"":""MultiPoint"",""coordinates"":[]}"
9_17,Tovuz,comparison,0.5685277250303838,2023.0,"{""type"":""MultiPoint"",""coordinates"":[]}"
9_18,Gazakh,comparison,0.7940502988991883,2023.0,"{""type"":""MultiPoint"",""coordinates"":[]}"
10_0,Shusha,treated,19.43066217269743,2024.0,"{""type"":""MultiPoint"",""coordinates"":[]}"
10_1,Kalbajar,treated,0.47099294822239324,2024.0,"{""type"":""MultiPoint"",""coordinates"":[]}"
10_2,Aghdam,treated,0.7828638330011704,2024.0,"{""type"":""MultiPoint"",""coordinates"":[]}"
10_3,Lachin,treated,0.6400861397900899,2024.0,"{""type"":""MultiPoint"",""coordinates"":[]}"
10_4,Khojavand,treated,0.4788006348610697,2024.0,"{""type"":""MultiPoint"",""coordinates"":[]}"
10_5,Fuzuli,treated,0.7685850902701686,2024.0,"{""type"":""MultiPoint"",""coordinates"":[]}"
10_6,Jabrayil,treated,0.5738583488940269,2024.0,"{""type"":""MultiPoint"",""coordinates"":[]}"
10_7,Gubadli,treated,0.5169919435136221,2024.0,"{""type"":""MultiPoint"",""coordinates"":[]}"
10_8,Zangilan,treated,0.678529423025221,2024.0,"{""type"":""MultiPoint"",""coordinates"":[]}"
10_9,Jalilabad,comparison,0.9351852032740965,2024.0,"{""type"":""MultiPoint"",""coordinates"":[]}"
10_10,Barda,comparison,1.3902037232559354,2024.0,"{""type"":""MultiPoint"",""coordinates"":[]}"
10_11,Aghjabadi,comparison,0.871256263976009,2024.0,"{""type"":""MultiPoint"",""coordinates"":[]}"
10_12,Beylagan,comparison,0.8259240079497032,2024.0,"{""type"":""MultiPoint"",""coordinates"":[]}"
10_13,Goranboy,comparison,0.6838955847118652,2024.0,"{""type"":""MultiPoint"",""coordinates"":[]}"
10_14,Tartar,comparison,0.6956616154914017,2024.0,"{""type"":""MultiPoint"",""coordinates"":[]}"
10_15,Dashkasan,comparison,0.5479107521480134,2024.0,"{""type"":""MultiPoint"",""coordinates"":[]}"
10_16,Gadabay,comparison,0.5316240993569259,2024.0,"{""type"":""MultiPoint"",""coordinates"":[]}"
10_17,Tovuz,comparison,0.6079073337983624,2024.0,"{""type"":""MultiPoint"",""coordinates"":[]}"
10_18,Gazakh,comparison,0.8772704556088174,2024.0,"{""type"":""MultiPoint"",""coordinates"":[]}"
